{"loja": "DB063", "parametro": "PRO", "parameters": {"bootstrap": true, "max_depth": 10, "min_samples_leaf": 1, "min_samples_split": 2, "n_estimators": 60}, "Score": [0.7822678321069749, 0.7805594008188311, 0.7763600328566731, 0.771805479636588, 0.7711212373893099, 0.7826215175583192, 0.7825129138706226, 0.7795198397940901, 0.7803937560607672, 0.7810252798429741], "describes": {"Scores": {"count": 10.0, "mean": 0.778818728993515, "std": 0.004286384347451043, "min": 0.7711212373893099, "25%": 0.7771499845910274, "50%": 0.7804765784397991, "75%": 0.7819571940409747, "max": 0.7826215175583192}}, "mae": {"mean": 1383.1758597286841, "std": 26.854915036893196}, "mse": {"mean": 4409318.759820566, "std": 216932.86979126727}, "r-quadrado": {"mean": 0.7743683831851997, "std": 0.021235080654076716}, "wmape": {"mean": 0.2986347012671625, "std": 0.005790685649894899}, "mape": {"mean": 0.48372307975365725, "std": 0.017700394202910433}, "time": 0.988528303305308}