{"loja": "DB069", "parametro": "UND", "parameters": {"bootstrap": true, "max_depth": 10, "min_samples_leaf": 2, "min_samples_split": 5, "n_estimators": 60}, "Score": [0.12336930482016632, 0.08326002282745801, 0.10542803860158481, 0.11376791503377817, 0.13952523759320035, 0.10767762459984298, 0.1078773040353747, 0.10095016099764957, 0.10270610035926611, 0.09751510800278969], "describes": {"Scores": {"count": 10.0, "mean": 0.10820768168711108, "std": 0.0151633793604408, "min": 0.08326002282745801, "25%": 0.10138914583805371, "50%": 0.1065528316007139, "75%": 0.1122952622841773, "max": 0.13952523759320035}}, "mae": {"mean": 5452.17749704197, "std": 265.85094490201175}, "mse": {"mean": 79847790.01209918, "std": 32703651.593262695}, "r-quadrado": {"mean": 0.09798353799249682, "std": 0.05193861382655344}, "wmape": {"mean": 0.6097423282371114, "std": 0.009547385537417515}, "mape": {"mean": 2.1482975546506347, "std": 0.44955352622981215}, "time": 0.9129048983256022}