{"loja": "DB063", "parametro": "UND", "parameters": {"bootstrap": true, "max_depth": null, "min_samples_leaf": 1, "min_samples_split": 5, "n_estimators": 60}, "Score": [0.8150887600812888, 0.8206115166505372, 0.8159008681149666, 0.8212733966861357, 0.82071090410365, 0.8129383564761004, 0.8128793904957459, 0.8178147731578385, 0.8136897412845299, 0.8245055961370905], "describes": {"Scores": {"count": 10.0, "mean": 0.8175413303187884, "std": 0.004061175760852466, "min": 0.8128793904957459, "25%": 0.8140394959837196, "50%": 0.8168578206364026, "75%": 0.8206860572403718, "max": 0.8245055961370905}}, "mae": {"mean": 6207.412869663449, "std": 200.625155150557}, "mse": {"mean": 86496174.79238532, "std": 10930515.236384844}, "r-quadrado": {"mean": 0.8109018591996993, "std": 0.021787595119963483}, "wmape": {"mean": 0.17814981913981048, "std": 0.005885779931603526}, "mape": {"mean": 0.1901407616757163, "std": 0.008623390776732213}, "time": 0.9343786835670471}