{"loja": "DB063",
 "parametro": "CAT",
 "parameters": {"bootstrap": true, "max_depth": 10, "min_samples_leaf": 1, "min_samples_split": 2, "n_estimators": 60},
 "Score": [0.9088280674357104, 0.9074179533348046, 0.9121320829041893, 0.9132487727249892, 0.9030138970933226, 0.9096065168891216, 0.909497279417749, 0.9084093265539321, 0.9130141782815574, 0.9140064590294834], "describes": {"Scores": {"count": 10.0, "mean": 0.909917453366486, "std": 0.0033325494182121114, "min": 0.9030138970933226, "25%": 0.9085140117743767, "50%": 0.9095518981534354, "75%": 0.9127936544372154, "max": 0.9140064590294834}}, 
 "mae": {"mean": 7126.515950408773, "std": 577.7803708297861},
 "mse": {"mean": 505733595.9769595, "std": 140177812.5780135}, 
 "r-quadrado": {"mean": 0.905095679598977, "std": 0.019586219044803697}, 
 "wmape": {"mean": 0.1718776261134254, "std": 0.007417295925621338}, 
 "mape": {"mean": 0.6172930158585284, "std": 0.10830823490946102}, 
 "time": 7.8077647606531775}