{"loja": "DB088", "parametro": "CAT", "parameters": {"bootstrap": true, "max_depth": null, "min_samples_leaf": 2, "min_samples_split": 5, "n_estimators": 40}, "describes": {"Scores": {"count": 10.0, "mean": 0.6143963305726838, "std": 0.12961247139549711, "min": 0.39649543580755997, "25%": 0.5097575993750715, "50%": 0.6680393992607593, "75%": 0.7071227950308574, "max": 0.7797341238394053}}, "mae": {"mean": 4418.976337144864, "std": 268.5287285178355}, "mse": {"mean": 49922656.341568, "std": 9556934.88708783}, "r-quadrado": {"mean": 0.6050330739390594, "std": 0.03438905557259352}, "wmape": {"mean": 0.231709416808076, "std": 0.012151373623323239}, "mape": {"mean": 1.3140657837653966, "std": 0.24018063294084843}, "time": 0.190610675017039}