{"loja": "DB092", "parametro": "PRO", "parameters": {"bootstrap": true, "max_depth": null, "min_samples_leaf": 2, "min_samples_split": 5, "n_estimators": 60}, "Score": [0.6587018370447424, 0.6615230222536475, 0.6569179983783918, 0.654694920946247, 0.6596527292651537, 0.6599326027492255, 0.6539671323878454, 0.6547074947279097, 0.6570036706110655, 0.6586803655835478], "describes": {"Scores": {"count": 10.0, "mean": 0.6575781773947778, "std": 0.002543965455034276, "min": 0.6539671323878454, "25%": 0.6552601206405302, "50%": 0.6578420180973066, "75%": 0.6594150062100509, "max": 0.6615230222536475}}, "mae": {"mean": 284.4194022214942, "std": 4.074497316814868}, "mse": {"mean": 331002.3516633766, "std": 18795.684215651832}, "r-quadrado": {"mean": 0.662469575958787, "std": 0.00634259323863379}, "wmape": {"mean": 0.4574680692663028, "std": 0.005557137203590024}, "mape": {"mean": 0.7417534511975182, "std": 0.007254383754300502}, "time": 519.0273562471072}