{"loja": "DB101", "parametro": "CAT", "parameters": {"bootstrap": true, "max_depth": 10, "min_samples_leaf": 2, "min_samples_split": 2, "n_estimators": 40}, "Score": [0.8838711580147528, 0.882104671999423, 0.8821943521716978, 0.8825705456601505, 0.877044334565986, 0.8804926241555974, 0.8817346545932508, 0.879083931078306, 0.8807152087979002, 0.8803082387048138], "describes": {"Scores": {"count": 10.0, "mean": 0.8810119719741879, "std": 0.001944533721506977, "min": 0.877044334565986, "25%": 0.8803543350675097, "50%": 0.8812249316955756, "75%": 0.8821719321286291, "max": 0.8838711580147528}}, "mae": {"mean": 15360.628475252568, "std": 1544.854860375005}, "mse": {"mean": 1051280280.8842798, "std": 189030334.55892083}, "r-quadrado": {"mean": 0.8802184276816052, "std": 0.0136632753290058}, "wmape": {"mean": 0.2235867700856252, "std": 0.016899127387780925}, "mape": {"mean": 0.46417220077260923, "std": 0.039885977554591355}, "time": 0.5248337348302206}