{"loja": "DB109", "parametro": "PRO", "parameters": {"bootstrap": true, "max_depth": null, "min_samples_leaf": 2, "min_samples_split": 5, "n_estimators": 60}, "Score": [0.6773812674108404, 0.679613933984706, 0.6717189500053893, 0.6658334490474195, 0.6745771023724008, 0.6673551172900681, 0.6753397364123388, 0.6755310362529705, 0.6717364275029126, 0.674526334140239], "describes": {"Scores": {"count": 10.0, "mean": 0.6733613354419286, "std": 0.00427906156074851, "min": 0.6658334490474195, "25%": 0.6717233193797701, "50%": 0.6745517182563199, "75%": 0.6754832112928126, "max": 0.679613933984706}}, "mae": {"mean": 606.9041366584424, "std": 10.902805304986387}, "mse": {"mean": 1214278.658001038, "std": 52844.77754087502}, "r-quadrado": {"mean": 0.6855194959704755, "std": 0.019645521442694398}, "wmape": {"mean": 0.42059030278113657, "std": 0.006642483621663055}, "mape": {"mean": 0.8061471422528659, "std": 0.006807845301292997}, "time": 28.439382723967235}