{"loja": "DB101", "parametro": "PRO", "parameters": {"bootstrap": true, "max_depth": 10, "min_samples_leaf": 2, "min_samples_split": 5, "n_estimators": 40}, "Score": [0.6745326987428004, 0.6914867869996535, 0.6853678460766254, 0.6801913990419713, 0.6893273075707295, 0.6863196107774797, 0.6874678091500845, 0.6942847514750453, 0.6880249118923617, 0.6840690464895544], "describes": {"Scores": {"count": 10.0, "mean": 0.6861072168216306, "std": 0.005631477859732971, "min": 0.6745326987428004, "25%": 0.6843937463863221, "50%": 0.6868937099637822, "75%": 0.6890017086511375, "max": 0.6942847514750453}}, "mae": {"mean": 1194.471584495469, "std": 44.48235608757144}, "mse": {"mean": 5769134.198701554, "std": 460113.10918152}, "r-quadrado": {"mean": 0.6670067023607669, "std": 0.05146756755230277}, "wmape": {"mean": 0.4004672546740918, "std": 0.019435190854044663}, "mape": {"mean": 0.689131953957588, "std": 0.047411245987739464}, "time": 0.5035149097442627}