{"loja": "DB109", "parametro": "CAT", "parameters": {"bootstrap": true, "max_depth": 10, "min_samples_leaf": 2, "min_samples_split": 5, "n_estimators": 60}, "Score": [0.8662157388000196, 0.866700583552371, 0.8742156360310321, 0.8624689838109942, 0.870830226413559, 0.8584986565922754, 0.859426690299086, 0.8644933453283734, 0.8570515553292346, 0.869811965579245], "describes": {"Scores": {"count": 10.0, "mean": 0.8649713381736189, "std": 0.0056726052430194455, "min": 0.8570515553292346, "25%": 0.8601872636770631, "50%": 0.8653545420641965, "75%": 0.8690341200725265, "max": 0.8742156360310321}}, "mae": {"mean": 75620.0897322181, "std": 7320.085753628903}, "mse": {"mean": 21604323678.149372, "std": 6137864777.553535}, "r-quadrado": {"mean": 0.8491150285304286, "std": 0.020390693508739982}, "wmape": {"mean": 0.21269556868497258, "std": 0.011788931888717475}, "mape": {"mean": 0.38619192554014203, "std": 0.07292254211925882}, "time": 0.49242777029673257}