{"loja": "DB113", "parametro": "PRO", "parameters": {"bootstrap": true, "max_depth": 10, "min_samples_leaf": 2, "min_samples_split": 5, "n_estimators": 40}, "Score": [0.1492039325131505, 0.16527445593395607, 0.15176039872222746, 0.1875983386642784, 0.17475680132694232, 0.11970464702292802, 0.15940669343905098, 0.15425700290312494, 0.18662753269914903, 0.15258437056145693], "describes": {"Scores": {"count": 10.0, "mean": 0.16011741737862648, "std": 0.020035041966266067, "min": 0.11970464702292802, "25%": 0.15196639168203482, "50%": 0.15683184817108797, "75%": 0.17238621497869577, "max": 0.1875983386642784}}, "mae": {"mean": 792.7118444339849, "std": 43.9519234625509}, "mse": {"mean": 1141908.2247708875, "std": 121006.31311673221}, "r-quadrado": {"mean": 0.2334524789144325, "std": 0.13856065654602315}, "wmape": {"mean": 0.5359865268139103, "std": 0.013794153284858186}, "mape": {"mean": 0.9187589369811973, "std": 0.05690359774721426}, "time": 0.2264478047688802}