{"loja": "DB113", "parametro": "CAT", "parameters": {"bootstrap": true, "max_depth": null, "min_samples_leaf": 2, "min_samples_split": 2, "n_estimators": 60}, "describes": {"Scores": {"count": 10.0, "mean": 0.8610334564718134, "std": 0.014446810309219627, "min": 0.8310781256245832, "25%": 0.8536216605133045, "50%": 0.865835043382895, "75%": 0.8719363792384016, "max": 0.8751867419606822}}, "mae": {"mean": 4426.862048917924, "std": 50.41696325779899}, "mse": {"mean": 94719362.52999368, "std": 11695023.170138856}, "r-quadrado": {"mean": 0.8572140245603286, "std": 0.0064762582679910126}, "wmape": {"mean": 0.30357751714317543, "std": 0.00239426347671474}, "mape": {"mean": 0.6534904396654128, "std": 0.013644122017660232}, "time": 341.51913345654805}